<?xml version="1.0" encoding="UTF-8"?>
<!DOCTYPE suite SYSTEM "http://testng.org/testng-1.0.dtd">
<suite guice-stage="DEVELOPMENT" name="Failed suite [s1]">
  <listeners>
    <listener class-name="Other.Listener"/>
  </listeners>
  <test name="t1(failed)">
    <classes>
      <class name="UserManagement.UMygchakanzuTest">
        <methods>
          <include name="ckz"/>
          <include name="doAfterMethod"/>
          <include name="testBackLogin"/>
          <include name="addListener"/>
          <include name="doBeforeMethod"/>
        </methods>
      </class> <!-- UserManagement.UMygchakanzuTest -->
      <class name="OrderManagement.OMsearchTest">
        <methods>
          <include name="doAfterMethod"/>
          <include name="testBackLogin"/>
          <include name="sear1"/>
          <include name="doBeforeMethod"/>
        </methods>
      </class> <!-- OrderManagement.OMsearchTest -->
      <class name="UserManagement.UMygdelTest">
        <methods>
          <include name="testBackLogin"/>
          <include name="doAfterMethod"/>
          <include name="del2"/>
          <include name="doBeforeMethod"/>
        </methods>
      </class> <!-- UserManagement.UMygdelTest -->
      <class name="CommentManagement.CMsearchTest">
        <methods>
          <include name="doAfterMethod"/>
          <include name="sear7"/>
          <include name="sear6"/>
          <include name="testBackLogin"/>
          <include name="doBeforeMethod"/>
        </methods>
      </class> <!-- CommentManagement.CMsearchTest -->
    </classes>
  </test> <!-- t1(failed) -->
</suite> <!-- Failed suite [s1] -->
